Averaging,f1_scores
micro,0.4138131166569936
macro,0.28908466446444164
weighted,0.38155761111420666
